Issuing Company,ext_product_id,Alternative Unit,Numerator,Denumereator
EMANL,16000013,PC,1,40
EMANL,16000014,PC,1,40
EMANL,16000015,PC,1,40
EMANL,16000017,PC,1,40
EMANL,16000018,PC,1,40
EMANL,16000019,PC,1,120
EMANL,16000020,PC,1,120
EMANL,17000170,PC,1,1
EMANL,17000172,PC,1,1
EMANL,17000180,PC,1,1
EMANL,17000206,PC,1,1
EMANL,17000234,PC,1,4
EMANL,17000236,PC,1,4
EMANL,17000263,PC,1,48
EMANL,17000284,PC,1,162
EMANL,17000285,PC,1,84
EMANL,17000286,PC,1,51
EMANL,17000287,PC,1,26
EMANL,17000288,PC,1,7
EMANL,17000289,PC,1,50
EMANL,17000290,PC,1,26
EMANL,17000291,PC,1,7
EMANL,17000292,PC,1,26
EMANL,17000293,PC,1,26
EMANL,17000294,PC,1,168
EMANL,17000295,PC,1,168
EMANL,17000296,PC,1,84
EMANL,17000297,PC,1,84
EMANL,17000298,PC,1,52
EMANL,17000299,PC,1,52
EMANL,17000300,PC,1,26
EMANL,17000301,PC,1,26
EMANL,17000302,PC,1,7
EMANL,17000303,PC,1,7
EMANL,17000304,PC,1,90
EMANL,17000305,PC,1,90
EMANL,17000310,PC,1,26
EMANL,17000312,PC,1,4
EMANL,17000313,PC,1,6
EMANL,17000314,PC,1,4
EMANL,17000315,PC,1,90
EMANL,17000316,PC,1,90
EMANL,17000317,PC,1,96
EMANL,17000318,PC,1,96
EMANL,17000321,PC,1,90
EMANL,17000323,PC,1,54
