Category,Basic Unit,Description,SKU ID,SKU Description,Issuing Company,ext_product_id
1902.3,CTN,SEDAP SUPREME RICH SPICES 70GR,502-512,Sedap Supreme Rich Spices,EMANL,16000013
1902.3,CTN,SEDAP SUPREME CHICKEN 70GR BUNDLE PACK,502-504,Sedaap Supreme 70 gr @40p,EMANL,16000014
1902.3,CTN,SEDAP SUPREME RICH SPICES 100 GR,502-513,SSRS100 @ 40 pc,EMANL,16000015
1902.3,CTN,SEDAP SUPREME CHICKEN FLAVOUR 70 GR,502-504,Sedaap Supreme 70 gr @40p,EMANL,16000017
1902.3,CTN,SEDAP SUPREME CHICKEN FLAVOUR 120 GR,502-505,Sedaap Supreme 120 gr @40,EMANL,16000018
901.21,CTN,TOP CAFE 3IN1CREAMY WHT COFFEE MIX 30GR,503-506,TCW30 @120pc,EMANL,16000019
901.21,CTN,TOP CAFE 3IN1CREAMY WHT REGULAR 30GR,503-508,TCWREG30 @120pc,EMANL,16000020
3401.19,CTN,GOOD MAMA FLORAL 22GR,002-065,GMF22@ 156 pc,EMANL,17000170
3401.19,CTN,GOOD MAMA FLORAL 80GR + 2 FREE,002-066,GMF80@ 48 pc,EMANL,17000172
3401.19,CTN,GOOD MAMA ANKARA 80 GR,002-073,GMA80@ 48 pc,EMANL,17000180
3401.19,CTN,SO KLIN PROTECT 60 GR FREE 3 PCS (PSG),003-068,SKP60@ 48 pc,EMANL,17000206
3401.19,CTN,GOOD MAMA FLORAL 1700 GR,002-100,GMF1700@ 4 pc,EMANL,17000234
3401.19,CTN,GOOD MAMA LEMON 1700 GR,002-101,GML1700@ 4 pc,EMANL,17000236
3401.19,CTN,Good Mama Floral 90 GR + 3 FREE,002-035,GMF90 @ 48 pc,EMANL,17000263
3401.19,CTN,SO KLIN 20GR SNOW FREE 12 PCS,001-115,SK20@ 150 pc,EMANL,17000284
3401.19,CTN,SO KLIN 40GR SNOW FREE 6 PCS,001-116,SK40@ 78 pc,EMANL,17000285
3401.19,CTN,SO KLIN 80GR SNOW FREE 3PCS,001-102,SK80@ 48 pc,EMANL,17000286
3401.19,CTN,SO KLIN 170GR SNOW FREE 2 PCS,001-064,SK170@ 24 pc,EMANL,17000287
3401.19,CTN,SO KLIN 800GR 6+1,001-120,SK800@ 7 pc,EMANL,17000288
3401.19,CTN,So Klin Pink 80GR Free 2pcs,010-127,SKPINK80 @ 48 PC,EMANL,17000289
3401.19,CTN,So Klin Pink 170GR Free 2pcs,010-128,SKPINK170 @ 24 pc,EMANL,17000290
3401.19,CTN,So Klin Pink 800GR 6+1,010-129,SKPINK800 @ 6 pc,EMANL,17000291
3401.19,CTN,SO KLIN ULTRA 160G FREE 2 PCS,007-044,SKULT160 @ 24 pc,EMANL,17000292
3401.19,CTN,SO KLIN PROTECT 160 GR FREE 2 PCS,003-069,SKP160@ 24 pc,EMANL,17000293
3401.19,CTN,GOOD MAMA FLORAL 20GR + 6 FREE,002-131,GMF20@ 156 pc,EMANL,17000294
3401.19,CTN,GOOD MAMA LEMON 20GR + 6 FREE,002-132,GML20@ 156 pc,EMANL,17000295
3401.19,CTN,Good Mama Floral 45 GR,002-117,GMF45@ 78 pc,EMANL,17000296
3401.19,CTN,Good Mama Lemon 45 GR,002-118,GML45@ 78 pc,EMANL,17000297
3401.19,CTN,GOOD MAMA FLORAL 85GR + 4 FREE,002-130,GMF85@ 48 pc,EMANL,17000298
3401.19,CTN,GOOD MAMA LEMON 85GR + 4 FREE,002-133,GML85@ 48 pc,EMANL,17000299
3401.19,CTN,GOOD MAMA FLORAL 170 GR + 2 FREE,002-067,GMF170@ 24 pc,EMANL,17000300
3401.19,CTN,GOOD MAMA LEMON 170 GR + 2 FREE,002-072,GML170@ 24 pc,EMANL,17000301
3401.19,CTN,Good Mama Floral 800GR 6+1,002-122,GMF800@ 7 pc,EMANL,17000302
3401.19,CTN,Good Mama Lemon 800GR 6+1,002-121,GML800@ 7 pc,EMANL,17000303
3401.19,CTN,SoKlin Smart Ultimate Clean 40ml,011-134,SKSUC40 @ 90pc,EMANL,17000304
3401.19,CTN,SoKlin Smart Intense Perfume 40ml,011-135,SKSIP40 @ 90pc,EMANL,17000305
3401.19,CTN,GOOD MAMA FLORAL 190GR + 2 FREE,002-136,GMF190 @ 26PC,EMANL,17000310
3401.19,CTN,SO KLIN 1700GR PSG 2X CLN PWR,001-096,SK1700 @4 pc,EMANL,17000312
3401.19,CTN,SO KLIN MATIC 1000GR,006-040,SKMAT1000 @ 6 pc,EMANL,17000313
3401.19,CTN,SO KLIN MATIC 2000GR,006-041,SKMAT2000 @ 4 pc,EMANL,17000314
3401.19,CTN,SoKlin Smart Ultimate Clean 35ml,011-126,SKSUC35 @90pc,EMANL,17000315
3401.19,CTN,SoKlin Smart Intense Perfume 35ml,011-125,SKSIP35 @90pc,EMANL,17000316
3401.19,CTN,SoKlin Smart Ultimate Clean 35ml,011-139,SKSUC35 @96pc,EMANL,17000317
3401.19,CTN,SoKlin Smart Intense Perfume 35ml,011-138,SKSIP35 @96pc,EMANL,17000318
3401.19,CTN,Good Mama Floral 40 GR + 12 FREE,002-142,GMF40@ 90 pc,EMANL,17000321
3401.19,CTN,GOOD MAMA FLORAL 80GR + 6 FREE,002-144,GMF80@ 54 pc,EMANL,17000323
